Domain,Name,PSComputerName,Caption,PasswordChangeable,PasswordRequired
VMHOST,Administrator,VMHOST,VMHOST\Administrator,TRUE,TRUE
VMHOST,arg0102,VMHOST,VMHOST\arg0102,TRUE,TRUE
VMHOST,bboyle,VMHOST,VMHOST\bboyle,TRUE,TRUE
VMHOST,ccm009,VMHOST,VMHOST\ccm009,TRUE,TRUE
VMHOST,cl2020,VMHOST,VMHOST\cl2020,TRUE,TRUE
VMHOST,clin,VMHOST,VMHOST\clin,TRUE,TRUE
VMHOST,cmoran,VMHOST,VMHOST\cmoran,TRUE,TRUE
VMHOST,DefaultAccount,VMHOST,VMHOST\DefaultAccount,TRUE,FALSE
VMHOST,Guest,VMHOST,VMHOST\Guest,FALSE,FALSE
VMHOST,jeb0100,VMHOST,VMHOST\jeb0100,TRUE,TRUE
VMHOST,mcd001,VMHOST,VMHOST\mcd001,TRUE,TRUE
VMHOST,mtw004,VMHOST,VMHOST\mtw004,TRUE,TRUE
VMHOST,sshd,VMHOST,VMHOST\sshd,TRUE,TRUE
VMHOST,tzhang,VMHOST,VMHOST\tzhang,TRUE,TRUE
VMHOST,WDAGUtilityAccount,VMHOST,VMHOST\WDAGUtilityAccount,TRUE,TRUE
